nct_id,title,status,study_type,phase,conditions,sponsor,pulled_at
NCT02638077,Initial Management in Patients With Differentiated Thyroid Cancer in the Real World in China,UNKNOWN,OBSERVATIONAL,,Differentiated Thyroid Cancer,Huazhong University of Science and Technology,2026-10-05T14:21:40.719809
NCT03726801,Prevention of Body Image Disorder by Nurse Intervention on the Patient and Family Prior to Breast and Colon Surgery,COMPLETED,INTERVENTIONAL,NA,Body Image Disorder,Universidad Complutense de Madrid,2026-10-05T14:21:40.719843
NCT06627712,SBRT Combined With PD-1 Inhibitor and Chemotherapy in Early-stage TNBC,RECRUITING,INTERVENTIONAL,PHASE3,TNBC - Triple-Negative Breast Cancer,West China Hospital,2026-10-05T14:21:40.719848
NCT01686412,Determination of Autonomic Responses to Exposure to Electromagnetic Fields With Low Energy Modulated Frequency,COMPLETED,INTERVENTIONAL,NA,"Hepatocellular Carcinoma, Breast Cancer",Hospital Sirio-Libanes,2026-10-05T14:21:40.719854
NCT02361112,Study Evaluating Pyrotinib in Combination With Capecitabine In Patients With HER2 Positive Metastatic Breast Cancer,COMPLETED,INTERVENTIONAL,PHASE1,Metastatic Breast Cancer,"Jiangsu HengRui Medicine Co., Ltd.",2026-10-05T14:21:40.719858
NCT00470119,Effect of a Low-Calorie Diet and/or Exercise Program on Risk Factors for Developing Breast Cancer in Overweight or Obese Postmenopausal Women,COMPLETED,INTERVENTIONAL,NA,"Breast Cancer, Obesity, Weight Changes",Fred Hutchinson Cancer Center,2026-10-05T14:21:40.719862
NCT06440967,A Study to Confirm if Fezolinetant Helps Reduce Hot Flashes in Women With Breast Cancer Who Are Having Hormone Therapy,ACTIVE_NOT_RECRUITING,INTERVENTIONAL,PHASE3,Hot Flashes,"Astellas Pharma Global Development, Inc.",2026-10-05T14:21:40.719869
NCT06172322,A Phase Ib/Ⅱ Study of NTQ1062 in Combination With Fulvestrant in Patients With Advanced HR Positive /HER-2 Negative Breast Cancer,UNKNOWN,INTERVENTIONAL,PHASE1,HR Positive/HER-2 Negative Breast Cancer,Nanjing Chia-tai Tianqing Pharmaceutical,2026-10-05T14:21:40.719875
NCT05797129,CEDM as a Screening Tool for Breast Cancer in Higher-risk Women: A Prospective Study,COMPLETED,OBSERVATIONAL,,Breast Cancer,Kaohsiung Veterans General Hospital.,2026-10-05T14:21:40.719880
NCT00003302,MRI to Detect Breast Tumors in Women,COMPLETED,INTERVENTIONAL,NA,Breast Cancer,Abramson Cancer Center at Penn Medicine,2026-10-05T14:21:40.719884
NCT03461172,Database of Data Collection,UNKNOWN,OBSERVATIONAL,,Surgery of Breast Cancer,Institut Paoli-Calmettes,2026-10-05T14:21:40.719889
NCT02348281,Bicalutamide as A Treatment in AR-positive Metastatic Triple-Negative Breast Cancer (mTNBC) Patients,TERMINATED,INTERVENTIONAL,PHASE2,Breast Cancer,Fudan University,2026-10-05T14:21:40.719894
NCT06116812,The Effects of Laughter Yoga and Mindfulness-Based Stress Reduction (MBSR) Practices Applied to Women With Breast Cancer,UNKNOWN,INTERVENTIONAL,NA,"Breast Cancer, Laughter Therapy, Mindfulness Therapy, Life Quality, Anxiety and Depression, Spiritual Well-being",Kafkas University,2026-10-05T14:21:40.719899
NCT02018419,Increased Frequency of AlloStim(TM) Dosing in Combination With Cryoablation in Metastatic Breast Cancer Patients,WITHDRAWN,INTERVENTIONAL,"PHASE1, PHASE2",Metastatic Breast Cancer,"Mirror Biologics, Inc.",2026-10-05T14:21:40.719903
NCT00873600,Outpatient Health Care Program for Older Patients Receiving Chemotherapy for Newly Diagnosed Breast Cancer or Colon Cancer,WITHDRAWN,OBSERVATIONAL,,"Breast Cancer, Cognitive/Functional Effects, Colorectal Cancer, Psychosocial Effects of Cancer and Its Treatment",Case Comprehensive Cancer Center,2026-10-05T14:21:40.719907
NCT01306045,"Molecular Profiling and Targeted Therapy for Advanced Non-Small Cell Lung Cancer, Small Cell Lung Cancer, and Thymic Malignancies",COMPLETED,INTERVENTIONAL,PHASE2,"Carcinoma, Non-Small-Cell Lung, Carcinoma, Small Cell Lung, Carcinoma, Thymic",National Cancer Institute (NCI),2026-10-05T14:21:40.719912
NCT02159157,"A Randomized, Controlled Trial to Determine the Effects of an Exercise Intervention on Physical Activity During Chemotherapy for Patients With Early Stage Breast Cancer",COMPLETED,INTERVENTIONAL,NA,Early Stage Breast Cancer,Dartmouth-Hitchcock Medical Center,2026-10-05T14:21:40.719917
NCT00186212,Alternative Support for Rural and Isolated Women in an HMO,COMPLETED,INTERVENTIONAL,PHASE3,"Stress Disorders, Post-traumatic, Depression, Breast Cancer",Stanford University,2026-10-05T14:21:40.719922
NCT04185181,Virtual Reality Versus Proprioceptive Neuromuscular Facilitation on Postmastectomy Lymphedema,COMPLETED,INTERVENTIONAL,NA,Postmastectomy Lymphedema,doaa atef,2026-10-05T14:21:40.719960
NCT06802757,Posaconazole Plus PD-1 Inhibitors and Chemotherapy vs PD-1 Inhibitors and Chemotherapy in Neoadjuvant Therapy for Triple Negative Breast Cancer,RECRUITING,INTERVENTIONAL,PHASE2,Breast Cancer,Shandong Cancer Hospital and Institute,2026-10-05T14:21:40.719966
NCT03157128,"A Study of Selpercatinib (LOXO-292) in Participants With Advanced Solid Tumors, RET Fusion-Positive Solid Tumors, and Medullary Thyroid Cancer (LIBRETTO-001)",ACTIVE_NOT_RECRUITING,INTERVENTIONAL,"PHASE1, PHASE2","Non-Small Cell Lung Cancer, Medullary Thyroid Cancer, Colon Cancer, Any Solid Tumor",Eli Lilly and Company,2026-10-05T14:21:40.719970
NCT03539965,Triple-negative Breast Cancer: a New Perspective on Biomarkers,COMPLETED,OBSERVATIONAL,,"Triple Negative Breast Neoplasms, Triple Negative Breast Cancer","Instituto Nacional de Cancer, Brazil",2026-10-05T14:21:40.719973
NCT00779129,A Study to Evaluate Safety and Efficacy of Caelyx in Combination With Cyclophosphamide in the Treatment of Metastatic Breast Cancer (P02948),COMPLETED,INTERVENTIONAL,PHASE2,Breast Neoplasm,Merck Sharp & Dohme LLC,2026-10-05T14:21:40.719976
NCT00178802,"Chemotherapy With Whole Body Hyperthermia to Treat Resistant Breast, Endometrial, Cervical and Ovarian Cancers",UNKNOWN,INTERVENTIONAL,PHASE2,"Breast Neoplasms, Endometrial Neoplasms, Cervix Neoplasms, Ovarian Neoplasms","The University of Texas Health Science Center, Houston",2026-10-05T14:21:40.719979
NCT05253053,To Evaluate Efficacy and Safety of TT-00420 (Tinengotinib) as Monotherapy and Combination Therapy in Patients With Advanced Solid Tumors,COMPLETED,INTERVENTIONAL,"PHASE1, PHASE2","Advanced Solid Tumor, Cholangiocarcinoma, Biliary Tract Cancer, HER2-negative Breast Cancer, Triple Negative Breast Cancer, Small-cell Lung Cancer, Bladder Cancer, Prostate Cancer, Thyroid Cancer, Gastric Cancer, Gallbladder Cancer","TransThera Sciences (Nanjing), Inc.",2026-10-05T14:21:40.719983
NCT00925353,The Pharmacokinetics of 4% Lidocaine Gel When Applied Topically to the Breasts,COMPLETED,INTERVENTIONAL,PHASE4,Adverse Effects,Mountain States Tumor and Medical Research Institute,2026-10-05T14:21:40.719987
NCT05768139,First-in-Human Study of Tersolisib (STX-478) as Monotherapy and in Combination With Other Antineoplastic Agents in Participants With Advanced Solid Tumors,RECRUITING,INTERVENTIONAL,"PHASE1, PHASE2","Breast Cancer, Solid Tumors, Adult",Eli Lilly and Company,2026-10-05T14:21:40.719990
NCT07128277,Clinical Study of Trap (FAPI) 3 PET Imaging in Noninvasive Diagnosis of Malignant Tumors,NOT_YET_RECRUITING,OBSERVATIONAL,,Cancer,Daping Hospital and the Research Institute of Surgery of the Third Military Medical University,2026-10-05T14:21:40.719994
NCT00064857,Pycnogenol for the Treatment of Lymphedema of the Arm in Breast Cancer Survivors,COMPLETED,INTERVENTIONAL,PHASE2,"Lymphedema, Breast, Cancer",National Center for Complementary and Integrative Health (NCCIH),2026-10-05T14:21:40.719997
NCT03799601,Docetaxel Combined With Carboplatin Plus Anlotinib as First Line Treatment in NSCLC,UNKNOWN,INTERVENTIONAL,PHASE4,NSCLC,Tongji Hospital,2026-10-05T14:21:40.720000
NCT07828119,"The Effect of a Hybrid Approach in Breast Cancer Education on Women's Awareness, Fatalism, and Self-Compassion Levels: A Randomized Controlled Trial",NOT_YET_RECRUITING,INTERVENTIONAL,NA,Breast Cancer Awareness,Kahramanmaras Sutcu Imam University,2026-10-05T14:21:40.720004
NCT04019119,Digital Intervention for the Modification of Lifestyles (iGame),COMPLETED,INTERVENTIONAL,NA,"Low Back Pain, Oncology, Depression, Sedentary Lifestyle, Sedentary Behavior",University of Malaga,2026-10-05T14:21:40.720007
NCT03996265,Bupropion to Reduce Cancer Related Fatigue in Cancer Survivors,ACTIVE_NOT_RECRUITING,INTERVENTIONAL,PHASE3,"Hematopoietic and Lymphatic System Neoplasm, Malignant Solid Neoplasm",University of Rochester NCORP Research Base,2026-10-05T14:21:40.720011
NCT01237067,Olaparib in Combination With Carboplatin for Refractory or Recurrent Women s Cancers,COMPLETED,INTERVENTIONAL,PHASE1,"Ovarian Cancer, Breast Cancer, Primary Peritoneal Cancer, Fallopian Tube Cancer, Endometrial Cancer",National Cancer Institute (NCI),2026-10-05T14:21:40.720014
NCT02698202,Screening for Breast Cancer With Digital Breast Tomosynthesis,COMPLETED,INTERVENTIONAL,NA,Breast Cancer,Azienda USL Reggio Emilia - IRCCS,2026-10-05T14:21:40.720017
NCT07236437,Living Well Program: Impact on Healthcare Costs and Clinical Outcomes in Breast Cancer Care,NOT_YET_RECRUITING,INTERVENTIONAL,NA,"Anxiety, Supportive Care in Cancer, Depression","Scott A. Irwin, MD, PhD",2026-10-05T14:21:40.720020
NCT03737695,Clinical Information and Biospecimen Collection From Patients With Recurrent or Stage IV Breast Cancer,ACTIVE_NOT_RECRUITING,OBSERVATIONAL,,"Anatomic Stage IV Breast Cancer AJCC v8, Invasive Breast Carcinoma, Metastatic Breast Carcinoma, Peritoneal Effusion, Recurrent Breast Carcinoma",Mayo Clinic,2026-10-05T14:21:40.720023
NCT04400695,A Study of RC48-ADC for the Treatment of Locally Advanced or Metastatic Breast Cancer With Low Expression of HER2,RECRUITING,INTERVENTIONAL,PHASE3,Breast Cancer,"RemeGen Co., Ltd.",2026-10-05T14:21:40.720026
NCT03071757,"A Study of the Safety, Tolerability and Pharmacokinetics of ABBV-368 as a Single Agent and Combination in Subjects With Locally Advanced or Metastatic Solid Tumors",COMPLETED,INTERVENTIONAL,PHASE1,Advanced Solid Tumors Cancer,AbbVie,2026-10-05T14:21:40.720029
NCT05798312,Randomized and Multicenter Study to Evaluate a Customizable Support Breast Cancer Material,COMPLETED,INTERVENTIONAL,NA,"Breast Cancer, Knowledge, Attitudes, Practice, Patient Empowerment, Patient Satisfaction",Medicos e Investigadores en la Lucha contra el Cancer de Mama,2026-10-05T14:21:40.720033
NCT01127867,A Pilot Study of Docosahexaenoic Acid (DHA) in Obese Menopausal Women,COMPLETED,INTERVENTIONAL,NA,"Breast Cancer, Obesity",Rockefeller University,2026-10-05T14:21:40.720036
NCT06299800,Phenotyping Patients With Type 2 Diabetes Mellitus and Cancer,UNKNOWN,OBSERVATIONAL,,"Diabetes Mellitus, Type 2, Cancer",Azienda Ospedaliero Universitaria Maggiore della Carita,2026-10-05T14:21:40.720040
NCT07415200,Pedicled Lateral Chest Wall Lymph-Adipofascial Flap to Prevent Arm Lymphedema After Breast Cancer Surgery,NOT_YET_RECRUITING,INTERVENTIONAL,NA,"Breast Cancer-Related Lymphedema, Breast Cancer, Postoperative Complications",Sun Yat-Sen Memorial Hospital of Sun Yat-Sen University,2026-10-05T14:21:40.720043
NCT05812807,Pembrolizumab vs. Observation in People With Triple-negative Breast Cancer Who Had a Pathologic Complete Response After Chemotherapy Plus Pembrolizumab,RECRUITING,INTERVENTIONAL,PHASE3,"Anatomic Stage II Breast Cancer AJCC v8, Early Stage Triple-Negative Breast Carcinoma, Anatomic Stage IIIA Breast Cancer AJCC v8, Anatomic Stage IIIB Breast Cancer AJCC v8",Alliance for Clinical Trials in Oncology,2026-10-05T14:21:40.720046
NCT07814872,A Preregistered Multi-Cohort Evaluation of the FATHOM AI System for Molecular Testing Prioritization to Support Clinical Trial Enrollment,NOT_YET_RECRUITING,OBSERVATIONAL,,"Neoplasms (Cancer / Tumors), Colorectal Neoplasms, Lung Neoplasms, Endometrial Neoplasms, Breast Neoplasms, Pancreatic Neoplasms, Head and Neck Neoplasms, Kidney Neoplasms, Glioma, Ovarian Neoplasms, Stomach Neoplasms",Harvard Medical School (HMS and HSDM),2026-10-05T14:21:40.720050
NCT06072612,Study of the Bria-IMT Regimen and CPI vs Physicians' Choice in Advanced Metastatic Breast Cancer.,RECRUITING,INTERVENTIONAL,PHASE3,"Breast Cancer, Metastatic Breast Cancer, Breast Neoplasm, Breast Cancer Metastatic, End Stage Cancer",BriaCell Therapeutics Corporation,2026-10-05T14:21:40.720055
NCT05825430,Direct Versus US Guided PECS Block on Controlling Postmastectomy Pain,COMPLETED,INTERVENTIONAL,NA,Postmastectomy Pain,Al-Azhar University,2026-10-05T14:21:40.720057
NCT03135392,Sensation After Nipple Sparing Mastectomy and Breast Reconstruction With or Without Neurotized Free Tissue Transfer,WITHDRAWN,INTERVENTIONAL,NA,"Mastectomy, Breast Reconstruction",Case Comprehensive Cancer Center,2026-10-05T14:21:40.720060
NCT02416336,Evaluation of Intraoperative Usage of Sentinella in Detecting Sentinel Lymph Nodes,COMPLETED,INTERVENTIONAL,NA,"Melanoma, Head and Neck Cancer, Breast Cancer",Oncovision Inc,2026-10-05T14:21:40.720063
NCT00544336,Family Quality of Life Among Families With a Member Who is a Cancer Patient,COMPLETED,OBSERVATIONAL,,"Breast Cancer, Colorectal Cancer, Head and Neck Cancer, Lung Cancer, Prostate Cancer, Solid Tumor",Vanderbilt-Ingram Cancer Center,2026-10-05T14:21:40.720066
NCT07498829,Population Based Germline Testing for Early Detection and Prevention of Cancer,RECRUITING,INTERVENTIONAL,NA,"Breast Cancer Risk, Ovarian Cancer Risk, Cancer Gene Mutation",Queen Mary University of London,2026-10-05T14:21:40.720069
NCT01142401,Fulvestrant With or Without Bortezomib in Patients With Inoperable Locally Advanced or Metastatic Estrogen Receptor Positive Breast Cancer,COMPLETED,INTERVENTIONAL,PHASE2,"Metastatic Breast Carcinoma, Stage IIIB Breast Cancer AJCC v7, Stage IIIC Breast Cancer AJCC v7, Stage IV Breast Cancer AJCC v6 and v7",National Cancer Institute (NCI),2026-10-05T14:21:40.720073
NCT00005581,Combination Chemotherapy in Treating Women With Stage II or Stage III Breast Cancer,UNKNOWN,INTERVENTIONAL,PHASE3,Breast Cancer,"IRCCS Azienda Ospedaliera Universitaria San Martino - IST Istituto Nazionale per la Ricerca sul Cancro, Genoa, Italy",2026-10-05T14:21:40.720076
NCT03477019,Ultrasound-enhanced Delivery of Chemotherapy to Patients With Liver Metastasis From Breast- and Colorectal Cancer,COMPLETED,INTERVENTIONAL,"PHASE1, PHASE2","Colorectal Neoplasms, Breast Neoplasms",St. Olavs Hospital,2026-10-05T14:21:40.720079
NCT03723928,S1703 Serum Tumor Marker Directed Disease Monitoring in Patients With Hormone Receptor Positive Her2 Negative Metastatic Breast Cancer,RECRUITING,INTERVENTIONAL,NA,"Anatomic Stage IV Breast Cancer AJCC v8, Estrogen Receptor Positive, HER2/Neu Negative, Progesterone Receptor Positive, Prognostic Stage IV Breast Cancer AJCC v8, Elevated CA15-3 or CEA or CA27-29",SWOG Cancer Research Network,2026-10-05T14:21:40.720085
NCT00563407,Novel Surrogate Markers as Predictors of Radiation Toxicity in Breast Cancer Patients Undergoing Helical Tomotherapy Compared to Standard Radiation Therapy,TERMINATED,OBSERVATIONAL,,"Genetic Markers, Cardiac Toxicity, Breast and Skin Motion",AHS Cancer Control Alberta,2026-10-05T14:21:40.720088
NCT02747992,Paravertebral Block (PVB) Combined Pectoral Musculature Blocks for Modified Radical Mastectomy (MRM),COMPLETED,OBSERVATIONAL,,"Mastectomy, Modified Radical",Sun Yat-sen University,2026-10-05T14:21:40.720091
NCT00003992,Chemotherapy Plus Monoclonal Antibody Therapy in Treating Women With Stage II or Stage IIIA Breast Cancer That Overexpresses HER2,COMPLETED,INTERVENTIONAL,PHASE2,Breast Cancer,National Cancer Institute (NCI),2026-10-05T14:21:40.720094
NCT03377036,Breast Cancer Screening: Digital Breast Tomosynthesis Versus Digital 2D Mammography,ACTIVE_NOT_RECRUITING,INTERVENTIONAL,NA,Breast Cancer Screening,University Hospital Muenster,2026-10-05T14:21:40.720097
NCT00533936,Trastuzumab or Observation After Combination Chemotherapy and Trastuzumab in Treating Patients Undergoing Surgery for Stage II or Stage III Breast Cancer,UNKNOWN,INTERVENTIONAL,PHASE2,Breast Cancer,"Instituto Nacional de Cancerologia, Columbia",2026-10-05T14:21:40.720100
NCT00773071,Added-value of SPECT/CT in Patients Undergoing LM/SL for Gynecological Cancers,COMPLETED,INTERVENTIONAL,NA,"Cervical Cancer, Vulvar Cancer",London Health Sciences Centre Research Institute OR Lawson Research Institute of St. Joseph's,2026-10-05T14:21:40.720102
NCT04580251,Ideal Marker for Targeted Axillary Dissection,COMPLETED,OBSERVATIONAL,,Breast Cancer,University Hospital Ostrava,2026-10-05T14:21:40.720105
NCT05555251,BI-1607 in Combination with Trastuzumab in Subjects with HER2-positive Advanced Solid Tumors,TERMINATED,INTERVENTIONAL,"PHASE1, PHASE2","HER2-positive Breast Cancer, HER2-positive Gastric Cancer, HER2-positive Metastatic Breast Cancer, Metastatic Gastroesophageal Junction Adenocarcinoma, Metastatic Gastric Adenocarcinoma",BioInvent International AB,2026-10-05T14:21:40.720108
NCT01300351,Comparing the Efficacy and Tolerability of Fulvestrant 500 mg Versus 250 mg in Advanced Breast Cancer Women,COMPLETED,INTERVENTIONAL,PHASE3,Breast Cancer,AstraZeneca,2026-10-05T14:21:40.720111
NCT01690702,Study of Nab-Paclitaxel in High Risk Early Breast Cancer,COMPLETED,INTERVENTIONAL,PHASE3,Breast Cancer,GBG Forschungs GmbH,2026-10-05T14:21:40.720115
NCT01007695,Molecular Signature of Valproic Acid in Breast Cancer With Functional Imaging Assessment - a Pilot,TERMINATED,INTERVENTIONAL,PHASE1,Cancer,University of Utah,2026-10-05T14:21:40.720118
NCT02615457,Huaier Granule in Treating Women With Triple Negative Breast Cancer,UNKNOWN,INTERVENTIONAL,PHASE4,Triple Negative Breast Cancer,Shandong University,2026-10-05T14:21:40.720121
NCT00478257,Effect of Increased Light Exposure on Fatigue in Breast Cancer,COMPLETED,INTERVENTIONAL,NA,Breast Cancer,"University of California, San Diego",2026-10-05T14:21:40.720124
NCT00910312,ICE-SENSE™ Cryotherapy for Breast Fibroadenoma Trial,COMPLETED,INTERVENTIONAL,NA,Fibroadenoma,IceCure Medical Ltd.,2026-10-05T14:21:40.720126
NCT02306265,Assessment of Diagnostic Accuracy and Performance of Digital Breast Tomosynthesis Compared to Mammography,COMPLETED,INTERVENTIONAL,NA,"Breast Cancer, Tumors, Breast, Cancer Screening",GE Healthcare,2026-10-05T14:21:40.720129
NCT06311851,Transarterial Chemoembolization (TACE) Plus Bevacizumab for Liver Metastases,ACTIVE_NOT_RECRUITING,INTERVENTIONAL,"PHASE1, PHASE2","Cancer, Metastatic Cancer, Liver Metastases",Pardis Noor Medical Imaging and Cancer Center,2026-10-05T14:21:40.720132
NCT01247129,Delaying the Superficial Inferior Epigastric Artery (SIEA) Flap and Determining the Change in SIEA Diameter and Blood Flow,COMPLETED,INTERVENTIONAL,PHASE2,Breast Neoplasms,University Medical Centre Ljubljana,2026-10-05T14:21:40.720135
NCT03324802,Hypofractionated Radiation Therapy in Preventing Recurrence in Patients With Breast Cancer After Surgery,COMPLETED,INTERVENTIONAL,PHASE3,"Stage I Breast Cancer AJCC v7, Stage IA Breast Cancer AJCC v7, Stage IB Breast Cancer AJCC v7, Stage II Breast Cancer AJCC v6 and v7, Stage IIA Breast Cancer AJCC v6 and v7, Stage IIB Breast Cancer AJCC v6 and v7, Stage IIIA Breast Cancer AJCC v7",Mayo Clinic,2026-10-05T14:21:40.720138
NCT06374745,An Integrated Algorithm for Surgical Intervention in Chronic Lymphedema After Breast Cancer Treatment: The Basel Lymphedema Protocol,RECRUITING,OBSERVATIONAL,,"Lymphedema, Breast Cancer","University Hospital, Basel, Switzerland",2026-10-05T14:21:40.720140
NCT01459172,Human Breast Tissue Bioavailability of Topically Applied Limonene,COMPLETED,INTERVENTIONAL,PHASE1,Breast Cancer,University of Arizona,2026-10-05T14:21:40.720143
NCT00191672,A Trial Of Gemcitabine Plus Paclitaxel And Gemcitabine Plus Docetaxel In Metastatic Breast Cancer,COMPLETED,INTERVENTIONAL,PHASE2,Breast Neoplasms,Eli Lilly and Company,2026-10-05T14:21:40.720145
NCT03502512,REVOLVE or PureGraft Technique in Processing Fat Grafts for Patients Undergoing Breast Reconstruction,COMPLETED,INTERVENTIONAL,NA,Mammoplasty Patient,M.D. Anderson Cancer Center,2026-10-05T14:21:40.720149
NCT01927081,Self-management Interventions for Advanced Breast Cancer,COMPLETED,INTERVENTIONAL,NA,Advanced Breast Cancer Stage IV,Duke University,2026-10-05T14:21:40.720152
NCT03415230,Effect of Therapeutic Massage on Sleep Quality and Stress Levels in Women With Breast Cancer,COMPLETED,INTERVENTIONAL,NA,"Sleep Disturbance, Anxiety",Cyprus University of Technology,2026-10-05T14:21:40.720154
NCT00003107,Interleukin-12 in Treating Patients With Hematologic Cancers or Solid Tumors,COMPLETED,INTERVENTIONAL,PHASE1,"Breast Cancer, Chronic Myeloproliferative Disorders, Gestational Trophoblastic Tumor, Kidney Cancer, Leukemia, Lymphoma, Multiple Myeloma and Plasma Cell Neoplasm, Myelodysplastic Syndromes, Neuroblastoma, Ovarian Cancer, Testicular Germ Cell Tumor",Indiana University,2026-10-05T14:21:40.720157
NCT03393845,"Study of Pembrolizumab Plus Fulvestrant in Hormone Receptor Positive, HER-2 Negative Advanced/Metastatic Breast Cancer Patients",ACTIVE_NOT_RECRUITING,INTERVENTIONAL,PHASE2,Breast Cancer,"Nancy Chan, MD",2026-10-05T14:21:40.720159
NCT02155075,Evaluation of Real Imaging's 3D Functional Metabolic Imaging and Risk Assessment (MIRA) System,UNKNOWN,INTERVENTIONAL,NA,Breast Cancer,Real Imaging Ltd.,2026-10-05T14:21:40.720162
NCT00827177,Dose Escalation Study of ARQ 197 in Combination With Sorafenib in Adult Patients With Advanced Solid Tumors,COMPLETED,INTERVENTIONAL,PHASE1,Advanced Solid Tumors,"ArQule, Inc., a subsidiary of Merck Sharp & Dohme LLC, a subsidiary of Merck & Co., Inc. (Rahway, NJ USA)",2026-10-05T14:21:40.720164
NCT07273812,Evaluating an AI-Based Mobile Application for Chemotherapy Support in Breast Cancer Patients,RECRUITING,INTERVENTIONAL,NA,"Breast Cancer, Breast Neoplasm, Chemotherapy-Related Toxicities, Medication Adherence, Quality of Life in Cancer Patients, Accuracy of AI App, Symptom Management",Dena h. Al-Tameemi,2026-10-05T14:21:40.720168
NCT06106165,Improving Muslim Women's Uptake of Cancer Screening (IMCAN),COMPLETED,INTERVENTIONAL,NA,"Breast Cancer, Bowel Cancer, Cervical Cancer",University of Sunderland,2026-10-05T14:21:40.720171
NCT04252300,"Study to Learn the Effect of Drug BAY1817080 on the Way the Body Absorbs, Distributes and Excretes Another Drug Rosuvastatin in Healthy Adult Participants",COMPLETED,INTERVENTIONAL,PHASE1,Drug Interactions,Bayer,2026-10-05T14:21:40.720173
NCT04310007,"Testing the Addition of the Pill Chemotherapy, Cabozantinib, to the Standard Immune Therapy Nivolumab Compared to Standard Chemotherapy for Non-small Cell Lung Cancer",ACTIVE_NOT_RECRUITING,INTERVENTIONAL,PHASE2,"Metastatic Lung Non-Squamous Non-Small Cell Carcinoma, Recurrent Lung Non-Squamous Non-Small Cell Carcinoma, Stage IV Lung Cancer AJCC v8",National Cancer Institute (NCI),2026-10-05T14:21:40.720175
NCT03248492,A Study of DS-8201a in Metastatic Breast Cancer Previously Treated With Trastuzumab Emtansine (T-DM1),TERMINATED,INTERVENTIONAL,PHASE2,Breast Cancer,Daiichi Sankyo,2026-10-05T14:21:40.720178
NCT01290536,Yttrium-90 Radioembolization Using Glass Microspheres (TheraSphere) for Patients With Liver Metastases,COMPLETED,INTERVENTIONAL,PHASE2,"Colorectal Neoplasms, Neuroendocrine Tumors, Cholangiocarcinoma, Melanoma, Breast Cancer","Nicholas Fidelman, MD",2026-10-05T14:21:40.720181
NCT01217411,RO4929097 and Whole-Brain Radiation Therapy or Stereotactic Radiosurgery in Treating Patients With Brain Metastases From Breast Cancer,TERMINATED,INTERVENTIONAL,"PHASE1, PHASE2","Adult Solid Neoplasm, Extensive Stage Lung Small Cell Carcinoma, HER2/Neu Negative, HER2/Neu Positive, Male Breast Carcinoma, Metastatic Malignant Neoplasm in the Brain, Recurrent Breast Carcinoma, Recurrent Lung Non-Small Cell Carcinoma, Recurrent Lung Small Cell Carcinoma, Recurrent Melanoma, Stage IV Breast Cancer AJCC v6 and v7, Stage IV Cutaneous Melanoma AJCC v6 and v7, Stage IV Lung Non-Small Cell Cancer AJCC v7",National Cancer Institute (NCI),2026-10-05T14:21:40.720183
NCT00349934,IMP321 Plus First-line Paclitaxel in Metastatic Breast Carcinoma,COMPLETED,INTERVENTIONAL,PHASE1,Metastatic Breast Cancer,Immutep S.A.S.,2026-10-05T14:21:40.720185
NCT00003680,Standard Chemotherapy Compared With High-Dose Chemotherapy Plus Peripheral Stem Cell Transplant in Treating Women With Advanced or Inflammatory Breast Cancer,UNKNOWN,INTERVENTIONAL,PHASE3,Breast Cancer,Scottish Cancer Therapy Network,2026-10-05T14:21:40.720188
NCT03523546,Oncology Episode Payment Model in Hawaii,ACTIVE_NOT_RECRUITING,INTERVENTIONAL,NA,"Breast Cancer, Colon Cancer, Lung Cancer",University of Pennsylvania,2026-10-05T14:21:40.720190
NCT02883361,Motivational Enhancement Therapy to Improve Adherence to Aromatase Inhibitors,WITHDRAWN,INTERVENTIONAL,"PHASE2, PHASE3","Breast Cancer, Medication Adherence",University of Calgary,2026-10-05T14:21:40.720193
NCT06302361,Lymphovenous Anastomosis for Breast Cancer Lymphedema,ACTIVE_NOT_RECRUITING,INTERVENTIONAL,NA,"Lymphedema, Lymphedema Arm, Breast Cancer Lymphedema, Lymphedema, Secondary, Lymphedema; Surgical, Lymphedema of Upper Limb, Lymphedema, Breast Cancer",Odense University Hospital,2026-10-05T14:21:40.720196
NCT05196269,Comparing Decision on Aesthetics After Breast Cancer Locoregional Treatment.,ACTIVE_NOT_RECRUITING,INTERVENTIONAL,NA,Breast Cancer,Fundacao Champalimaud,2026-10-05T14:21:40.720199
NCT00979641,Biweekly Avastin and Docetaxel as the First Line Treatment for Patients With Metastatic Breast Cancer,TERMINATED,INTERVENTIONAL,PHASE2,Neoplasms,Tampere University Hospital,2026-10-05T14:21:40.720201
NCT00869466,Weight Control Programs in Women Who Have Undergone Surgery for Early Stage Breast Cancer,COMPLETED,OBSERVATIONAL,,"Breast Cancer, Weight Changes",Wythenshawe Hospital,2026-10-05T14:21:40.720203
NCT00488722,"A Prospective, Single-Arm Study to Evaluate the Efficacy and Safety of Zoladex 3.6mg Combined With CEF Chemotherapy as Neo-Adjuvant Therapy in Hormone Responsive, Premenopausal, Operable Breast Cancer",UNKNOWN,INTERVENTIONAL,NA,Breast Cancer,Tianjin Medical University,2026-10-05T14:21:40.720205
NCT06481553,RWS of Paclitaxel Liposome Combined With Anti-HER-2 Monoclonal Antibody,UNKNOWN,OBSERVATIONAL,,Breast Cancer Stage IV,"Cancer Institute and Hospital, Chinese Academy of Medical Sciences",2026-10-05T14:21:40.720209
